ncalls,tottime,percall,cumtime,percall,filename:lineno(function)
1,4.5300000000000005e-07,4.5300000000000005e-07,4.5300000000000005e-07,4.5300000000000005e-07,"('~', 0, ""<method 'add' of 'set' objects>"")"
1,2.1900000000000002e-07,2.1900000000000002e-07,2.1900000000000002e-07,2.1900000000000002e-07,"('~', 0, ""<method 'pop' of 'dict' objects>"")"
1,2.6900000000000004e-07,2.6900000000000004e-07,2.6900000000000004e-07,2.6900000000000004e-07,"('~', 0, ""<method 'update' of 'dict' objects>"")"
45,9.357e-06,2.0793333333333333e-07,9.357e-06,2.0793333333333333e-07,"('~', 0, ""<method 'encode' of 'str' objects>"")"
3,9.5e-07,3.1666666666666667e-07,9.5e-07,3.1666666666666667e-07,"('~', 0, ""<method 'startswith' of 'str' objects>"")"
1,1.935e-06,1.935e-06,3.2860000000000004e-06,3.2860000000000004e-06,"('~', 0, '<built-in method builtins.any>')"
8,2.714e-06,3.3925e-07,2.714e-06,3.3925e-07,"('~', 0, '<built-in method builtins.getattr>')"
16,2.328e-06,1.455e-07,2.328e-06,1.455e-07,"('~', 0, '<built-in method builtins.hasattr>')"
492,7.8646e-05,1.5984959349593498e-07,0.00021074100000000002,5.242313432835822e-07,"('~', 0, '<built-in method builtins.isinstance>')"
57,2.5001e-05,4.386140350877193e-07,6.0774000000000005e-05,1.0662105263157895e-06,"('~', 0, '<built-in method builtins.issubclass>')"
1,2.63e-07,2.63e-07,2.63e-07,2.63e-07,"('~', 0, '<built-in method builtins.iter>')"
48,6.1280000000000005e-06,1.2766666666666668e-07,6.1280000000000005e-06,1.2766666666666668e-07,"('~', 0, '<built-in method builtins.len>')"
4,4.429e-06,1.10725e-06,5.0750000000000005e-06,1.2687500000000001e-06,"('~', 0, '<built-in method builtins.next>')"
5,7.970000000000001e-07,1.594e-07,7.970000000000001e-07,1.594e-07,"('~', 0, '<built-in method builtins.setattr>')"
1,1.176e-06,1.176e-06,1.176e-06,1.176e-06,"('~', 0, '<built-in method builtins.sorted>')"
42,3.0218e-05,7.194761904761905e-07,4.2827e-05,1.0196904761904762e-06,"('<frozen os>', 756, 'encode')"
42,5.8906e-05,1.4025238095238096e-06,0.00010173300000000001,2.422214285714286e-06,"('<frozen os>', 674, '__getitem__')"
2,4.4e-06,2.2e-06,5.433e-06,2.7165e-06,"('<frozen posixpath>', 229, 'expanduser')"
2,3.6240000000000004e-06,1.8120000000000002e-06,6.89e-06,3.445e-06,"('<frozen genericpath>', 39, 'isdir')"
2,2.6150000000000004e-06,1.3075000000000002e-06,1.3899e-05,6.9495e-06,"('<frozen genericpath>', 16, 'exists')"
42,3.754e-05,8.938095238095238e-07,0.000139273,3.31602380952381e-06,"('<frozen _collections_abc>', 771, 'get')"
45,1.9657000000000002e-05,4.3682222222222225e-07,3.5773000000000005e-05,7.949555555555556e-07,"('<frozen abc>', 121, '__subclasscheck__')"
146,3.316e-05,2.2712328767123287e-07,3.316e-05,2.2712328767123287e-07,"('~', 0, '<built-in method __new__ of type object at 0x9584a0>')"
1,3.08e-07,3.08e-07,3.08e-07,3.08e-07,"('~', 0, ""<method '__exit__' of '_thread.RLock' objects>"")"
5,0.008813456,0.0017626912000000001,0.008813456,0.0017626912000000001,"('~', 0, ""<method 'acquire' of '_thread.lock' objects>"")"
1,1.97e-07,1.97e-07,1.97e-07,1.97e-07,"('~', 0, ""<method 'release' of '_thread.lock' objects>"")"
2,1.134e-06,5.67e-07,1.134e-06,5.67e-07,"('~', 0, ""<method '__enter__' of '_thread.lock' objects>"")"
2,3.659e-06,1.8295e-06,3.659e-06,1.8295e-06,"('~', 0, ""<method '__exit__' of '_thread.lock' objects>"")"
1,7.6956e-05,7.6956e-05,7.6956e-05,7.6956e-05,"('~', 0, '<built-in method _thread.start_new_thread>')"
2,1.0360000000000001e-06,5.180000000000001e-07,1.0360000000000001e-06,5.180000000000001e-07,"('~', 0, '<built-in method _thread.allocate_lock>')"
1,2.5200000000000003e-07,2.5200000000000003e-07,2.5200000000000003e-07,2.5200000000000003e-07,"('~', 0, '<built-in method _thread.get_ident>')"
4,1.4215e-05,3.55375e-06,1.4215e-05,3.55375e-06,"('~', 0, '<built-in method posix.stat>')"
2,1.3920000000000002e-06,6.960000000000001e-07,1.3920000000000002e-06,6.960000000000001e-07,"('~', 0, '<built-in method posix.getpid>')"
2,2.5700000000000004e-07,1.2850000000000002e-07,2.5700000000000004e-07,1.2850000000000002e-07,"('~', 0, '<built-in method posix.fspath>')"
45,1.6116e-05,3.581333333333333e-07,1.6116e-05,3.581333333333333e-07,"('~', 0, '<built-in method _abc._abc_subclasscheck>')"
2,3.35e-07,1.675e-07,3.35e-07,1.675e-07,"('~', 0, '<built-in method _stat.S_ISDIR>')"
2,4.970000000000001e-07,2.4850000000000003e-07,4.970000000000001e-07,2.4850000000000003e-07,"('~', 0, ""<method 'append' of 'collections.deque' objects>"")"
1,6.02e-07,6.02e-07,6.02e-07,6.02e-07,"('~', 0, ""<method 'clear' of 'collections.deque' objects>"")"
1,2.0315e-05,2.0315e-05,4.7671000000000005e-05,4.7671000000000005e-05,"('/usr/lib/python3.11/threading.py', 849, '__init__')"
1,4.225e-06,4.225e-06,6.925000000000001e-06,6.925000000000001e-06,"('/usr/lib/python3.11/contextlib.py', 141, '__exit__')"
1,1.2317e-05,1.2317e-05,0.00883103,0.00883103,"('/usr/lib/python3.11/threading.py', 288, 'wait')"
1,1.0438e-05,1.0438e-05,0.008934642000000001,0.008934642000000001,"('/usr/lib/python3.11/threading.py', 938, 'start')"
1,0.00015040800000000001,0.00015040800000000001,0.001202355,0.001202355,"('/home/vmittal/Code/focus/vm_focus_converters/focus_converter_base/focus_converter/conversion_functions/deferred_column_functions.py', 82, 'apply_dtype_plan')"
2,6.357e-06,3.1785e-06,0.007844952,0.003922476,"('/home/vmittal/Code/focus/vm_focus_converters/focus_converter_base/focus_converter/data_loaders/data_loader.py', 67, 'data_scanner')"
2,8.620000000000001e-07,4.3100000000000003e-07,8.620000000000001e-07,4.3100000000000003e-07,"('/home/vmittal/.cache/pypoetry/virtualenvs/focus-converter-FC-3SlwU-py3.11/lib/python3.11/site-packages/polars/utils/various.py', 161, 'handle_projection_columns')"
17,2.2478e-05,1.322235294117647e-06,4.2701e-05,2.511823529411765e-06,"('/home/vmittal/.cache/pypoetry/virtualenvs/focus-converter-FC-3SlwU-py3.11/lib/python3.11/site-packages/polars/datatypes/convert.py', 382, 'py_type_to_dtype')"
3,5.4763000000000004e-05,1.8254333333333336e-05,6.4799e-05,2.1599666666666666e-05,"('~', 0, ""<method 'validate_python' of 'pydantic_core._pydantic_core.SchemaValidator' objects>"")"
73,6.4417e-05,8.824246575342466e-07,0.00017299900000000002,2.3698493150684932e-06,"('/home/vmittal/.cache/pypoetry/virtualenvs/focus-converter-FC-3SlwU-py3.11/lib/python3.11/site-packages/polars/utils/_parse_expr_input.py', 85, 'parse_as_expression')"
45,4.6444000000000005e-05,1.032088888888889e-06,0.000127572,2.8349333333333336e-06,"('/home/vmittal/.cache/pypoetry/virtualenvs/focus-converter-FC-3SlwU-py3.11/lib/python3.11/site-packages/polars/functions/col.py', 20, '_create_col')"
13,7.108200000000001e-05,5.467846153846154e-06,0.000135159,1.0396846153846155e-05,"('/home/vmittal/.cache/pypoetry/virtualenvs/focus-converter-FC-3SlwU-py3.11/lib/python3.11/site-packages/polars/functions/lit.py', 27, 'lit')"
1,2.3502000000000003e-05,2.3502000000000003e-05,0.007637032,0.007637032,"('/home/vmittal/.cache/pypoetry/virtualenvs/focus-converter-FC-3SlwU-py3.11/lib/python3.11/site-packages/polars/dataframe/frame.py', 671, '_read_csv')"
1,4.4276e-05,4.4276e-05,0.007772228000000001,0.007772228000000001,"('/home/vmittal/.cache/pypoetry/virtualenvs/focus-converter-FC-3SlwU-py3.11/lib/python3.11/site-packages/polars/io/csv/functions.py', 21, 'read_csv')"
1,1.1154e-05,1.1154e-05,6.8822e-05,6.8822e-05,"('/home/vmittal/.cache/pypoetry/virtualenvs/focus-converter-FC-3SlwU-py3.11/lib/python3.11/site-packages/polars/io/_utils.py', 68, '_prepare_file_arg')"
1,6.200000000000001e-06,6.200000000000001e-06,6.412300000000001e-05,6.412300000000001e-05,"('/home/vmittal/.cache/pypoetry/virtualenvs/focus-converter-FC-3SlwU-py3.11/lib/python3.11/site-packages/polars/lazyframe/frame.py', 3657, 'join')"
6,1.5452e-05,2.5753333333333336e-06,1.5452e-05,2.5753333333333336e-06,"('/home/vmittal/Code/focus/vm_focus_converters/focus_converter_base/focus_converter/models/focus_column_names.py', 71, 'get_dtype_for_focus_column_name')"
1,8.979700000000001e-05,8.979700000000001e-05,0.030258679000000004,0.030258679000000004,"('/home/vmittal/Code/focus/vm_focus_converters/focus_converter_base/focus_converter/converter.py', 340, 'convert')"
1,2.3339e-05,2.3339e-05,0.009083301,0.009083301,"('/usr/lib/python3.11/multiprocessing/queues.py', 86, 'put')"
1,5.4097e-05,5.4097e-05,0.00032554700000000003,0.00032554700000000003,"('/home/vmittal/Code/focus/vm_focus_converters/focus_converter_base/focus_converter/conversion_functions/deferred_column_functions.py', 55, 'apply_missing_column_plan')"
2,1.2063000000000001e-05,6.031500000000001e-06,1.4756e-05,7.378e-06,"('/usr/lib/python3.11/multiprocessing/util.py', 186, '__init__')"
1,4.2305e-05,4.2305e-05,0.009043574,0.009043574,"('/usr/lib/python3.11/multiprocessing/queues.py', 161, '_start_thread')"
10,6.304e-06,6.304e-07,6.304e-06,6.304e-07,"('~', 0, '<built-in method new>')"
10,0.001300699,0.0001300699,0.001300699,0.0001300699,"('~', 0, ""<method 'execute' of 'builtins.PySQLContext' objects>"")"
10,0.00032547900000000005,3.254790000000001e-05,0.00032547900000000005,3.254790000000001e-05,"('~', 0, ""<method 'register' of 'builtins.PySQLContext' objects>"")"
1,0.007596063,0.007596063,0.007596063,0.007596063,"('~', 0, '<built-in method read_csv>')"
1,1.5595000000000002e-05,1.5595000000000002e-05,1.5595000000000002e-05,1.5595000000000002e-05,"('~', 0, ""<method 'lazy' of 'builtins.PyDataFrame' objects>"")"
1,4.6859e-05,4.6859e-05,4.6859e-05,4.6859e-05,"('~', 0, ""<method 'optimization_toggle' of 'builtins.PyLazyFrame' objects>"")"
1,0.008136419,0.008136419,0.008136419,0.008136419,"('~', 0, ""<method 'collect' of 'builtins.PyLazyFrame' objects>"")"
1,7.782500000000001e-05,7.782500000000001e-05,7.782500000000001e-05,7.782500000000001e-05,"('~', 0, ""<method 'select' of 'builtins.PyLazyFrame' objects>"")"
1,2.6662000000000003e-05,2.6662000000000003e-05,2.6662000000000003e-05,2.6662000000000003e-05,"('~', 0, ""<method 'join' of 'builtins.PyLazyFrame' objects>"")"
22,0.000272253,1.2375136363636365e-05,0.000272253,1.2375136363636365e-05,"('~', 0, ""<method 'with_columns' of 'builtins.PyLazyFrame' objects>"")"
19,0.00023173600000000002,1.219663157894737e-05,0.00023173600000000002,1.219663157894737e-05,"('~', 0, ""<method 'with_columns_seq' of 'builtins.PyLazyFrame' objects>"")"
1,8.0345e-05,8.0345e-05,8.0345e-05,8.0345e-05,"('~', 0, ""<method 'drop' of 'builtins.PyLazyFrame' objects>"")"
17,7.861600000000001e-05,4.624470588235295e-06,7.861600000000001e-05,4.624470588235295e-06,"('~', 0, ""<method 'columns' of 'builtins.PyLazyFrame' objects>"")"
8,0.000233868,2.92335e-05,0.000244184,3.0523e-05,"('~', 0, ""<method 'schema' of 'builtins.PyLazyFrame' objects>"")"
10,1.0004000000000001e-05,1.0004000000000002e-06,1.0004000000000001e-05,1.0004000000000002e-06,"('~', 0, ""<method 'alias' of 'builtins.PyExpr' objects>"")"
17,2.4638e-05,1.4492941176470588e-06,2.4638e-05,1.4492941176470588e-06,"('~', 0, ""<method 'cast' of 'builtins.PyExpr' objects>"")"
4,7.014e-06,1.7535e-06,7.014e-06,1.7535e-06,"('~', 0, ""<method 'str_to_datetime' of 'builtins.PyExpr' objects>"")"
45,2.4766000000000003e-05,5.503555555555557e-07,2.4766000000000003e-05,5.503555555555557e-07,"('~', 0, '<col>')"
13,1.3875e-05,1.0673076923076922e-06,1.3875e-05,1.0673076923076922e-06,"('~', 0, '<lit>')"
1,4.83e-06,4.83e-06,4.83e-06,4.83e-06,"('~', 0, ""<method 'acquire' of '_multiprocessing.SemLock' objects>"")"
3,1.412e-06,4.7066666666666665e-07,1.412e-06,4.7066666666666665e-07,"('/usr/lib/python3.11/multiprocessing/util.py', 48, 'debug')"
1,0.000141421,0.000141421,0.030400100000000003,0.030400100000000003,"('/home/vmittal/Code/focus/vm_focus_converters/focus_converter_base/tests/provider_config_tests/aws/test_aws_auto_sample.py', 44, 'execute_converter')"
2,7.864000000000001e-06,3.932000000000001e-06,0.007838595,0.0039192975,"('/home/vmittal/Code/focus/vm_focus_converters/focus_converter_base/focus_converter/data_loaders/data_loader.py', 60, 'load_csv')"
10,3.0748000000000004e-05,3.0748000000000006e-06,0.00040072,4.0072000000000005e-05,"('/home/vmittal/Code/focus/vm_focus_converters/focus_converter_base/focus_converter/conversion_functions/sql_functions.py', 30, 'create_sql_context')"
21,8.098000000000001e-06,3.856190476190477e-07,8.098000000000001e-06,3.856190476190477e-07,"('/home/vmittal/Code/focus/vm_focus_converters/focus_converter_base/focus_converter/conversion_functions/deferred_column_functions.py', 28, 'convert_focus_data_type_polars_dtype')"
1,3.0930000000000003e-06,3.0930000000000003e-06,3.356e-06,3.356e-06,"('/home/vmittal/.cache/pypoetry/virtualenvs/focus-converter-FC-3SlwU-py3.11/lib/python3.11/site-packages/networkx/classes/digraph.py', 874, 'successors')"
1,3.6530000000000004e-06,3.6530000000000004e-06,3.6530000000000004e-06,3.6530000000000004e-06,"('/home/vmittal/Code/focus/vm_focus_converters/focus_converter_base/focus_converter/conversion_functions/validations.py', 128, '<listcomp>')"
1,7.334500000000001e-05,7.334500000000001e-05,0.017615741,0.017615741,"('/home/vmittal/Code/focus/vm_focus_converters/focus_converter_base/focus_converter/data_loaders/data_exporter.py', 56, 'collect')"
1,3.2590000000000005e-05,3.2590000000000005e-05,0.004708189000000001,0.004708189000000001,"('/home/vmittal/Code/focus/vm_focus_converters/focus_converter_base/focus_converter/converter.py', 323, '__process_lazy_frame__')"
16,7.708e-06,4.8175e-07,1.0036e-05,6.2725e-07,"('/home/vmittal/.cache/pypoetry/virtualenvs/focus-converter-FC-3SlwU-py3.11/lib/python3.11/site-packages/pydantic/_internal/_model_construction.py', 221, '__instancecheck__')"
1,6.7258e-05,6.7258e-05,0.000387244,0.000387244,"('/home/vmittal/Code/focus/vm_focus_converters/focus_converter_base/focus_converter/converter.py', 309, '__add_empty_columns_for_missing_focus_columns__')"
1,2.2264000000000002e-05,2.2264000000000002e-05,3.5413e-05,3.5413e-05,"('/home/vmittal/Code/focus/vm_focus_converters/focus_converter_base/focus_converter/conversion_functions/validations.py', 126, 'validate_lazy_frame_columns')"
10,1.8812000000000002e-05,1.8812000000000003e-06,0.0013441660000000002,0.0001344166,"('/home/vmittal/.cache/pypoetry/virtualenvs/focus-converter-FC-3SlwU-py3.11/lib/python3.11/site-packages/polars/sql/context.py', 193, 'execute')"
1,0.00023280000000000002,0.00023280000000000002,0.001977686,0.001977686,"('/home/vmittal/Code/focus/vm_focus_converters/focus_converter_base/focus_converter/converter.py', 251, '__apply_sql_queries__')"
3,6.581e-06,2.193666666666667e-06,7.138000000000001e-05,2.3793333333333338e-05,"('/home/vmittal/.cache/pypoetry/virtualenvs/focus-converter-FC-3SlwU-py3.11/lib/python3.11/site-packages/pydantic/main.py', 478, 'model_validate')"
17,1.0793e-05,6.348823529411764e-07,8.940900000000001e-05,5.259352941176471e-06,"('/home/vmittal/.cache/pypoetry/virtualenvs/focus-converter-FC-3SlwU-py3.11/lib/python3.11/site-packages/polars/lazyframe/frame.py', 626, 'columns')"
8,0.000132896,1.6612e-05,0.00037708,4.7135e-05,"('/home/vmittal/.cache/pypoetry/virtualenvs/focus-converter-FC-3SlwU-py3.11/lib/python3.11/site-packages/polars/lazyframe/frame.py', 668, 'schema')"
4,8.930000000000001e-07,2.2325000000000002e-07,8.930000000000001e-07,2.2325000000000002e-07,"('/home/vmittal/.cache/pypoetry/virtualenvs/focus-converter-FC-3SlwU-py3.11/lib/python3.11/site-packages/polars/expr/string.py', 2467, '_validate_format_argument')"
1,7.938000000000001e-06,7.938000000000001e-06,0.00010547300000000001,0.00010547300000000001,"('/home/vmittal/.cache/pypoetry/virtualenvs/focus-converter-FC-3SlwU-py3.11/lib/python3.11/site-packages/polars/lazyframe/frame.py', 4100, 'drop')"
10,1.5236000000000001e-05,1.5236000000000001e-06,0.00034384000000000004,3.4384e-05,"('/home/vmittal/.cache/pypoetry/virtualenvs/focus-converter-FC-3SlwU-py3.11/lib/python3.11/site-packages/polars/sql/context.py', 274, 'register')"
1,6.0842000000000005e-05,6.0842000000000005e-05,0.00272504,0.00272504,"('/home/vmittal/Code/focus/vm_focus_converters/focus_converter_base/focus_converter/converter.py', 276, 'apply_plan')"
45,3.19e-05,7.088888888888889e-07,0.00015947200000000002,3.5438222222222227e-06,"('/home/vmittal/.cache/pypoetry/virtualenvs/focus-converter-FC-3SlwU-py3.11/lib/python3.11/site-packages/polars/functions/col.py', 147, '__new__')"
4,1.351e-06,3.3775e-07,1.351e-06,3.3775e-07,"('/home/vmittal/.cache/pypoetry/virtualenvs/focus-converter-FC-3SlwU-py3.11/lib/python3.11/site-packages/polars/io/_utils.py', 16, '<genexpr>')"
2,6.46e-07,3.23e-07,6.46e-07,3.23e-07,"('/home/vmittal/.cache/pypoetry/virtualenvs/focus-converter-FC-3SlwU-py3.11/lib/python3.11/site-packages/polars/io/_utils.py', 100, 'managed_file')"
1,2.452e-06,2.452e-06,5.738e-06,5.738e-06,"('/home/vmittal/.cache/pypoetry/virtualenvs/focus-converter-FC-3SlwU-py3.11/lib/python3.11/site-packages/polars/io/_utils.py', 15, '_is_glob_pattern')"
89,3.8193000000000005e-05,4.291348314606742e-07,5.5208000000000004e-05,6.203146067415731e-07,"('/home/vmittal/.cache/pypoetry/virtualenvs/focus-converter-FC-3SlwU-py3.11/lib/python3.11/site-packages/polars/expr/expr.py', 125, '_from_pyexpr')"
10,1.9828e-05,1.9828e-06,2.6132000000000003e-05,2.6132000000000002e-06,"('/home/vmittal/.cache/pypoetry/virtualenvs/focus-converter-FC-3SlwU-py3.11/lib/python3.11/site-packages/polars/sql/context.py', 68, '__init__')"
3,9.021e-06,3.007e-06,1.1029e-05,3.6763333333333337e-06,"('/home/vmittal/.cache/pypoetry/virtualenvs/focus-converter-FC-3SlwU-py3.11/lib/python3.11/site-packages/polars/io/csv/_utils.py', 9, '_check_arg_is_1byte')"
4,1.9163000000000003e-05,4.790750000000001e-06,7.320200000000001e-05,1.8300500000000002e-05,"('/home/vmittal/.cache/pypoetry/virtualenvs/focus-converter-FC-3SlwU-py3.11/lib/python3.11/site-packages/polars/expr/string.py', 85, 'to_datetime')"
4,5.976e-06,1.494e-06,7.793e-06,1.94825e-06,"('/home/vmittal/.cache/pypoetry/virtualenvs/focus-converter-FC-3SlwU-py3.11/lib/python3.11/site-packages/polars/expr/expr.py', 9800, 'str')"
4,1.8170000000000001e-06,4.5425000000000003e-07,1.8170000000000001e-06,4.5425000000000003e-07,"('/home/vmittal/.cache/pypoetry/virtualenvs/focus-converter-FC-3SlwU-py3.11/lib/python3.11/site-packages/polars/expr/string.py', 37, '__init__')"
1,1.0613e-05,1.0613e-05,0.008203038000000001,0.008203038000000001,"('/home/vmittal/.cache/pypoetry/virtualenvs/focus-converter-FC-3SlwU-py3.11/lib/python3.11/site-packages/polars/lazyframe/frame.py', 1603, 'collect')"
1,9.950000000000001e-06,9.950000000000001e-06,0.000256057,0.000256057,"('/home/vmittal/.cache/pypoetry/virtualenvs/focus-converter-FC-3SlwU-py3.11/lib/python3.11/site-packages/polars/lazyframe/frame.py', 2728, 'select')"
22,7.4243e-05,3.374681818181818e-06,0.000650012,2.9546e-05,"('/home/vmittal/.cache/pypoetry/virtualenvs/focus-converter-FC-3SlwU-py3.11/lib/python3.11/site-packages/polars/lazyframe/frame.py', 3849, 'with_columns')"
19,4.3005000000000006e-05,2.2634210526315795e-06,0.00045892700000000003,2.4154052631578948e-05,"('/home/vmittal/.cache/pypoetry/virtualenvs/focus-converter-FC-3SlwU-py3.11/lib/python3.11/site-packages/polars/lazyframe/frame.py', 4002, 'with_columns_seq')"
1,4.1285e-05,4.1285e-05,0.000500212,0.000500212,"('/home/vmittal/Code/focus/vm_focus_converters/focus_converter_base/focus_converter/converter.py', 258, '__apply_column_expressions__')"
3,8.750000000000001e-07,2.916666666666667e-07,8.750000000000001e-07,2.916666666666667e-07,"('/home/vmittal/.cache/pypoetry/virtualenvs/focus-converter-FC-3SlwU-py3.11/lib/python3.11/site-packages/polars/utils/deprecation.py', 141, '_rename_keyword_argument')"
1,1.396e-06,1.396e-06,1.6211e-05,1.6211e-05,"('/home/vmittal/.cache/pypoetry/virtualenvs/focus-converter-FC-3SlwU-py3.11/lib/python3.11/site-packages/polars/selectors.py', 128, '_expand_selectors')"
55,3.0735e-05,5.588181818181819e-07,4.4987e-05,8.179454545454546e-07,"('/home/vmittal/.cache/pypoetry/virtualenvs/focus-converter-FC-3SlwU-py3.11/lib/python3.11/site-packages/polars/lazyframe/frame.py', 306, '_from_pyldf')"
44,5.0351000000000006e-05,1.1443409090909091e-06,0.00048732100000000003,1.1075477272727273e-05,"('/home/vmittal/.cache/pypoetry/virtualenvs/focus-converter-FC-3SlwU-py3.11/lib/python3.11/site-packages/polars/utils/_parse_expr_input.py', 50, '_parse_positional_inputs')"
3,2.9283e-05,9.761e-06,0.0078023860000000006,0.0078023860000000006,"('/home/vmittal/.cache/pypoetry/virtualenvs/focus-converter-FC-3SlwU-py3.11/lib/python3.11/site-packages/polars/utils/deprecation.py', 128, 'wrapper')"
1,6.328e-06,6.328e-06,9.147e-06,9.147e-06,"('/home/vmittal/.cache/pypoetry/virtualenvs/focus-converter-FC-3SlwU-py3.11/lib/python3.11/site-packages/polars/utils/_wrap.py', 12, 'wrap_df')"
62,3.7262000000000003e-05,6.01e-07,7.674300000000001e-05,1.2377903225806452e-06,"('/home/vmittal/.cache/pypoetry/virtualenvs/focus-converter-FC-3SlwU-py3.11/lib/python3.11/site-packages/polars/utils/_wrap.py', 24, 'wrap_expr')"
11,1.6132e-05,1.4665454545454547e-06,3.0494000000000003e-05,2.7721818181818184e-06,"('/home/vmittal/.cache/pypoetry/virtualenvs/focus-converter-FC-3SlwU-py3.11/lib/python3.11/site-packages/polars/utils/_wrap.py', 16, 'wrap_ldf')"
1,6.911e-06,6.911e-06,2.8345e-05,2.8345e-05,"('/home/vmittal/.cache/pypoetry/virtualenvs/focus-converter-FC-3SlwU-py3.11/lib/python3.11/site-packages/polars/dataframe/frame.py', 7958, 'lazy')"
1,7.71e-07,7.71e-07,9.240000000000001e-07,9.240000000000001e-07,"('/home/vmittal/.cache/pypoetry/virtualenvs/focus-converter-FC-3SlwU-py3.11/lib/python3.11/site-packages/polars/utils/various.py', 50, '_process_null_values')"
13,1.9067000000000002e-05,1.4666923076923078e-06,2.0942e-05,1.610923076923077e-06,"('/home/vmittal/.cache/pypoetry/virtualenvs/focus-converter-FC-3SlwU-py3.11/lib/python3.11/site-packages/polars/dependencies.py', 208, '_check_for_numpy')"
17,1.0549e-05,6.205294117647059e-07,1.6915e-05,9.95e-07,"('/home/vmittal/.cache/pypoetry/virtualenvs/focus-converter-FC-3SlwU-py3.11/lib/python3.11/site-packages/polars/datatypes/convert.py', 142, 'is_polars_dtype')"
44,3.08e-05,7.000000000000001e-07,0.0005181210000000001,1.1775477272727275e-05,"('/home/vmittal/.cache/pypoetry/virtualenvs/focus-converter-FC-3SlwU-py3.11/lib/python3.11/site-packages/polars/utils/_parse_expr_input.py', 20, 'parse_as_list_of_expressions')"
45,4.1751e-05,9.278e-07,0.00023153500000000003,5.145222222222223e-06,"('/home/vmittal/.cache/pypoetry/virtualenvs/focus-converter-FC-3SlwU-py3.11/lib/python3.11/site-packages/polars/utils/_parse_expr_input.py', 59, '_parse_inputs_as_iterable')"
17,3.3615e-05,1.9773529411764706e-06,0.000111148,6.538117647058823e-06,"('/home/vmittal/.cache/pypoetry/virtualenvs/focus-converter-FC-3SlwU-py3.11/lib/python3.11/site-packages/polars/expr/expr.py', 1861, 'cast')"
1,3.2400000000000004e-07,3.2400000000000004e-07,3.2400000000000004e-07,3.2400000000000004e-07,"('/home/vmittal/.cache/pypoetry/virtualenvs/focus-converter-FC-3SlwU-py3.11/lib/python3.11/site-packages/polars/utils/various.py', 186, '_prepare_row_index_args')"
10,1.0612000000000001e-05,1.0612e-06,2.6149000000000003e-05,2.6149e-06,"('/home/vmittal/.cache/pypoetry/virtualenvs/focus-converter-FC-3SlwU-py3.11/lib/python3.11/site-packages/polars/expr/expr.py', 595, 'alias')"
44,4.7251000000000006e-05,1.0738863636363638e-06,0.00022025000000000001,5.005681818181818e-06,"('/home/vmittal/.cache/pypoetry/virtualenvs/focus-converter-FC-3SlwU-py3.11/lib/python3.11/site-packages/polars/utils/_parse_expr_input.py', 56, '<listcomp>')"
2,1.341e-05,6.705e-06,3.9632e-05,1.9816e-05,"('/home/vmittal/.cache/pypoetry/virtualenvs/focus-converter-FC-3SlwU-py3.11/lib/python3.11/site-packages/polars/utils/various.py', 217, 'normalize_filepath')"
45,1.9879e-05,4.4175555555555555e-07,0.00018426,4.0946666666666665e-06,"('/home/vmittal/.cache/pypoetry/virtualenvs/focus-converter-FC-3SlwU-py3.11/lib/python3.11/site-packages/polars/utils/_parse_expr_input.py', 72, '_is_iterable')"
1,1.667e-06,1.667e-06,2.819e-06,2.819e-06,"('/home/vmittal/.cache/pypoetry/virtualenvs/focus-converter-FC-3SlwU-py3.11/lib/python3.11/site-packages/polars/dataframe/frame.py', 432, '_from_pydf')"
12,7.667000000000001e-06,6.389166666666667e-07,1.1474e-05,9.561666666666666e-07,"('/home/vmittal/.cache/pypoetry/virtualenvs/focus-converter-FC-3SlwU-py3.11/lib/python3.11/site-packages/polars/datatypes/classes.py', 99, '__eq__')"
12,8.697e-06,7.2475e-07,1.0316e-05,8.596666666666667e-07,"('/home/vmittal/.cache/pypoetry/virtualenvs/focus-converter-FC-3SlwU-py3.11/lib/python3.11/site-packages/polars/datatypes/classes.py', 402, '__init__')"
4,2.7540000000000002e-06,6.885000000000001e-07,3.7750000000000003e-06,9.437500000000001e-07,"('/home/vmittal/.cache/pypoetry/virtualenvs/focus-converter-FC-3SlwU-py3.11/lib/python3.11/site-packages/polars/utils/deprecation.py', 250, 'rename_use_earliest_to_ambiguous')"
1,7.291e-06,7.291e-06,0.00011298300000000001,0.00011298300000000001,"('/home/vmittal/.cache/pypoetry/virtualenvs/focus-converter-FC-3SlwU-py3.11/lib/python3.11/site-packages/polars/utils/deprecation.py', 93, 'wrapper')"
1,6.53e-07,6.53e-07,6.53e-07,6.53e-07,"('~', 0, ""<method 'disable' of '_lsprof.Profiler' objects>"")"
1,9.194e-06,9.194e-06,7.3317e-05,7.3317e-05,"('/home/vmittal/Code/focus/vm_focus_converters/focus_converter_base/focus_converter/converter.py', 266, '__apply_lookup_reference_plans__')"
1,8.205e-06,8.205e-06,8.205e-06,8.205e-06,"('/usr/lib/python3.11/threading.py', 236, '__init__')"
1,1.2870000000000001e-06,1.2870000000000001e-06,2.43e-06,2.43e-06,"('/usr/lib/python3.11/threading.py', 359, 'notify')"
1,2.345e-06,2.345e-06,2.345e-06,2.345e-06,"('/usr/lib/python3.11/threading.py', 1317, '_make_invoke_excepthook')"
1,1.3130000000000002e-06,1.3130000000000002e-06,1.3130000000000002e-06,1.3130000000000002e-06,"('/usr/lib/python3.11/threading.py', 1199, 'daemon')"
1,3.5550000000000003e-06,3.5550000000000003e-06,3.807e-06,3.807e-06,"('/usr/lib/python3.11/threading.py', 1446, 'current_thread')"
2,2.714e-06,1.357e-06,3.7480000000000004e-06,1.8740000000000002e-06,"('/usr/lib/python3.11/threading.py', 279, '_is_owned')"
45,3.2173000000000005e-05,7.149555555555556e-07,0.000142581,3.1684666666666664e-06,"('/usr/lib/python3.11/typing.py', 1284, '__instancecheck__')"
2,4.5230000000000006e-06,2.2615000000000003e-06,8.182e-06,4.091e-06,"('/usr/lib/python3.11/threading.py', 267, '__exit__')"
2,3.47e-07,1.735e-07,3.47e-07,1.735e-07,"('/usr/lib/python3.11/threading.py', 568, 'is_set')"
1,1.0089000000000001e-05,1.0089000000000001e-05,0.008846758,0.008846758,"('/usr/lib/python3.11/threading.py', 604, 'wait')"
1,2.0210000000000002e-06,2.0210000000000002e-06,2.1860000000000003e-06,2.1860000000000003e-06,"('/usr/lib/python3.11/threading.py', 1214, 'daemon')"
1,5.654e-06,5.654e-06,1.4466e-05,1.4466e-05,"('/usr/lib/python3.11/threading.py', 555, '__init__')"
2,5.21e-06,2.605e-06,6.344000000000001e-06,3.1720000000000003e-06,"('/usr/lib/python3.11/threading.py', 264, '__enter__')"
1,1.6540000000000002e-06,1.6540000000000002e-06,1.8510000000000002e-06,1.8510000000000002e-06,"('/usr/lib/python3.11/threading.py', 273, '_release_save')"
1,1.15e-06,1.15e-06,1.593e-06,1.593e-06,"('/usr/lib/python3.11/threading.py', 276, '_acquire_restore')"
13,1.875e-06,1.4423076923076923e-07,1.875e-06,1.4423076923076923e-07,"('/usr/lib/python3.11/typing.py', 2214, 'cast')"
1,4.972e-06,4.972e-06,5.4250000000000006e-06,5.4250000000000006e-06,"('/usr/lib/python3.11/_weakrefset.py', 85, 'add')"
45,4.2955000000000005e-05,9.545555555555557e-07,0.000110408,2.4535111111111113e-06,"('/usr/lib/python3.11/typing.py', 1547, '__subclasscheck__')"
1,3.4330000000000004e-06,3.4330000000000004e-06,7.609e-06,7.609e-06,"('/usr/lib/python3.11/contextlib.py', 287, 'helper')"
38,1.6161e-05,4.252894736842105e-07,1.6161e-05,4.252894736842105e-07,"('/usr/lib/python3.11/enum.py', 801, '<genexpr>')"
1,2.183e-06,2.183e-06,2.183e-06,2.183e-06,"('/usr/lib/python3.11/enum.py', 797, '__iter__')"
43,1.1074000000000001e-05,2.5753488372093026e-07,1.1074000000000001e-05,2.5753488372093026e-07,"('/usr/lib/python3.11/enum.py', 1248, 'value')"
1,5.827e-06,5.827e-06,1.8279000000000002e-05,1.8279000000000002e-05,"('/usr/lib/python3.11/contextlib.py', 260, 'contextmanager')"
1,7.3680000000000004e-06,7.3680000000000004e-06,1.0934e-05,1.0934e-05,"('/usr/lib/python3.11/functools.py', 35, 'update_wrapper')"
1,1.5180000000000001e-06,1.5180000000000001e-06,1.5180000000000001e-06,1.5180000000000001e-06,"('/usr/lib/python3.11/functools.py', 65, 'wraps')"
43,1.885e-05,4.383720930232558e-07,2.9924000000000004e-05,6.959069767441861e-07,"('/usr/lib/python3.11/enum.py', 192, '__get__')"
1,2.0840000000000003e-06,2.0840000000000003e-06,3.65e-06,3.65e-06,"('/usr/lib/python3.11/contextlib.py', 132, '__enter__')"
1,3.962e-06,3.962e-06,4.176e-06,4.176e-06,"('/usr/lib/python3.11/contextlib.py', 104, '__init__')"
